From,To,Probability
QQN,QQY,0.829934855
QQN,QRN,0.306616729
QQN,RQN,0.295339377
QQY,QRY,0.479057158
QQY,RQY,0.060754291
QRN,QRY,1.002375284
QRN,RRN,0.339451794
QRY,RRY,0.0120521
RQN,RQY,1.186028523
RQN,RRN,0.262504312
RQY,RRY,0.430354967
RRN,RRY,1.353879178