From,To,Probability
QQN,QQY,1.101388878
QQN,QRN,0.598610538
QQN,RQN,0.058254957
QQY,QRY,0.833652805
QQY,RQY,0.415349938
QRN,QRY,1.336431146
QRN,RRN,0
QRY,RRY,0.347083788
RQN,RQY,1.458483859
RQN,RRN,0.54035558
RQY,RRY,0.765386655
RRN,RRY,1.683514934