Term,ACE2_Effect,ACE2_SE,ACE2_95CI_low,ACE2_95CI_hi,buriedSA
339,0.032009192991272695,0.026969244252702317,0.2352850356468068,-0.08149559608014514,0.0
371,-0.026242954340775115,0.026969621394723784,0.33053306216241085,-0.1397493306804603,0.0
373,-0.04073192525668934,0.02696939017228328,0.1309766201176041,-0.15423732845622673,0.0
375,0.11245213805296063,0.02696962139472459,3.059876658892885e-05,-0.0010542382867279598,0.0
417,-0.4107057662645275,0.026969533458234773,3.5439834398657794e-52,-0.5242117725080935,0.0
440,0.1886045920110454,0.026969475852688427,2.7403929674562367e-12,0.07509882821051292,0.0
446,-0.3544927918764264,0.02696953345823413,2.3453019946281326e-39,-0.4679987981199897,0.48496
477,0.3494124589219899,0.026969390172282337,2.739809901466631e-38,0.2359070557224565,55.09
478,0.008724464696992174,0.026969390172282424,0.7463225371307538,-0.10478093850254162,0.0
484,-0.10109455967794778,0.026969621394723826,0.0001782481448739076,-0.21460093601763314,0.0
493,-0.1901052548637008,0.026969390172282632,1.840929937117676e-12,-0.30361065806323545,96.369
496,-0.8133409821742792,0.026969390172282615,6.174192611468579e-197,-0.9268463853738138,42.107
498,-0.12832194522113927,0.026969390172282583,1.963483003389486e-06,-0.2418273484206737,93.264
501,0.372626961335732,0.026969621394723902,2.7273511511185613e-43,0.25912058499604634,121.53
505,-0.8981896316687948,0.02696939017228257,5.865237140523894e-239,-1.0116950348683291,75.483
