"FSC-A","FSC-H","FSC-W","SSC-A","SSC-H","SSC-W","FITC-A","PE-A","Time"
15663.4,68111.9,15071,6367.28,65932.4,6329,10260.2,9848.44,0.926123
15477.8,72093.1,14070,10131,68166.8,9740,10798.4,11968.7,4.92123
11870.7,68681.9,11327,5012.6,67316.7,4880,7349.92,8410.92,7.67937
10260.5,62066.7,10834,3802.05,64219.4,3880,7723.38,9048.08,10.3577
