"FSC-A","FSC-H","FSC-W","SSC-A","SSC-H","SSC-W","FITC-A","PE-A","Time"
14862.7,73247.4,13298,7079.41,68430.1,6780,11204.5,12932.9,1.72663
6542.08,64931.4,6603,3217.01,73923.5,2852,11598.6,63.92,2.88801
