"FSC-A","FSC-H","FSC-W","SSC-A","SSC-H","SSC-W","FITC-A","PE-A","Time"
32042.2,87166.2,24091,26632.8,76988.5,22671,3510.72,70.5,1.43069
22873.6,81870.2,18310,13417.9,76692.6,11466,3345.84,93,3.89604
