,Effect_Omicron_background-Effect_Wuhan_background,Ab_escape,Mutation
0,0.15513284592043775,0.02322789250720461,G339D
1,0.16950654953665278,0.014588648414985592,S371L
2,0.05665536589304487,0.00893363688760807,S373P
3,0.11349203752467574,0.011323522267206478,S375F
4,0.4709788235014152,0.13471457278106508,K417N
5,0.04114570525462469,0.020321951008645533,N440K
6,0.2725785214876204,0.06272340634005763,G446S
7,0.1546975235994683,0.011934046109510087,S477N
8,0.19454559492659662,0.010118919308357349,T478K
9,0.3296530677673175,0.26273662426035505,E484A
10,0.25750744191818775,0.05510700288184438,Q493R
11,0.8269265964515782,0.0432122795389049,G496S
12,1.0142154293562218,0.021914095100864554,Q498R
13,1.1797703149038181,0.020217710059171598,N501Y
14,0.7050863177126665,0.014550902017291067,Y505H
