Source_node	Target_node	edge_weight
QQN	QQY	1.1013888781852437
QQN	QRN	0.5986105378384394
QQN	RQN	0.05825495741263875
QQY	QRY	0.8336528053835792
QQY	RQY	0.41534993816372534
QRN	QRY	1.3364311457303835
QRN	RRN	0.0
QRY	RRY	0.34708378793390615
RQN	RQY	1.4584838589363303
RQN	RRN	0.5403555804258007
RQY	RRY	0.76538665515376
RRN	RRY	1.6835149336642896
